{
    "0": 0.1678292573861773,
    "2": 14.426896430987728,
    "4": 4.4663727143774565,
    "3": 1.8135046650453643,
    "6": 2435.6891933497536,
    "5": 13.96146668207917,
    "1": 8.006516139805786
}