,precision,recall,f1-score,support
Botnet,0.9957711918973948,0.9998776801160292,0.9978202110035749,57227.0
Brute-force,0.8375956737753146,0.900695720661591,0.8680004301102474,76180.0
DDoS attack,0.9988368872888397,0.998876404494382,0.9988566455007616,252760.0
DoS attack,0.9354081684900412,0.8377188624882497,0.8838724503989452,130847.0
Web attack,0.0,0.0,0.0,186.0
accuracy,0.9433952049497293,0.9433952049497293,0.9433952049497293,0.9433952049497293
macro avg,0.753522384290318,0.7474337335520504,0.7497099474027058,517200.0
weighted avg,0.9583418419962475,0.9433952049497293,0.9500185502997363,517200.0
