,precision,recall,f1-score,support
Botnet,1.0,1.0,1.0,85.0
Brute-force,0.851063829787234,0.9876543209876543,0.9142857142857143,81.0
DDoS attack,1.0,1.0,1.0,77.0
DoS attack,0.9836065573770492,0.8108108108108109,0.8888888888888888,74.0
Web attack,1.0,1.0,1.0,83.0
accuracy,0.9625,0.9625,0.9625,0.9625
macro avg,0.9669340774328565,0.9596930263596931,0.9606349206349206,400.0
weighted avg,0.966807638646669,0.9625,0.9620873015873016,400.0
