,precision,recall,f1-score,support
Botnet,0.9978700373616397,0.9886186736776559,0.9932228130539047,28907.0
Brute-force,0.9870348013227652,0.9991498405951116,0.9930553721845211,18820.0
DDoS attack,0.997166392515678,1.0,0.9985811860769634,155191.0
DoS attack,0.9995906148453292,0.9937172508521137,0.9966452797938696,39314.0
Web attack,0.0,0.0,0.0,173.0
accuracy,0.9968441245023824,0.9968441245023824,0.9968441245023824,0.9968441245023824
macro avg,0.7963323692090823,0.7962971530249762,0.7963009302218518,242405.0
weighted avg,0.9961452081592261,0.9968441245023824,0.9964865383954463,242405.0
