,precision,recall,f1-score,support
Botnet,0.9990648379052369,0.9978551907842391,0.9984596479689852,28907.0
Brute-force,0.9999466979372101,0.9968119022316685,0.9983768393603151,18820.0
DDoS attack,0.9988993305870237,1.0,0.9994493622584519,155189.0
DoS attack,0.9985012066556586,0.9998728091373915,0.9991865371905029,39311.0
Web attack,1.0,0.24277456647398843,0.39069767441860465,173.0
accuracy,0.9989356435643565,0.9989356435643565,0.9989356435643565,0.9989356435643565
macro avg,0.9992824146170258,0.8474628937254576,0.877234012239372,242400.0
weighted avg,0.9989366059150792,0.9989356435643565,0.998770977315585,242400.0
