,precision,recall,f1-score,support
Botnet,0.9959938688775866,0.9991263628739167,0.997557656746101,57232.0
Brute-force,0.8028388207635677,0.954855140002888,0.8722733214212905,76177.0
DDoS attack,0.9991841810326051,0.9982037941880477,0.9986937470065036,252755.0
DoS attack,0.9700462804250942,0.864998089415361,0.9145154122732598,130850.0
Web attack,0.0,0.0,0.0,186.0
accuracy,0.957861562258314,0.957861562258314,0.957861562258314,0.957861562258314
macro avg,0.7536126302197708,0.7634366772960426,0.7566080274894309,517200.0
weighted avg,0.9621808341520264,0.957861562258314,0.9582918877366344,517200.0
