{"0": 0.2857142857142857, "1": 2.857142857142857, "2": 2.857142857142857, "3": 1.4285714285714286, "4": 1.4285714285714286, "5": 1.4285714285714286, "6": 1.4285714285714286}