,precision,recall,f1-score,support
Benign,0.8,0.4,0.5333333333333333,10.0
Botnet,1.0,1.0,1.0,10.0
Brute-force,0.6111111111111112,1.0,0.7586206896551724,11.0
DDoS attack,1.0,1.0,1.0,5.0
DoS attack,1.0,0.6153846153846154,0.7619047619047619,13.0
Infilteration,0.5,0.5,0.5,6.0
Web attack,0.75,1.0,0.8571428571428571,9.0
accuracy,0.78125,0.78125,0.78125,0.78125
macro avg,0.8087301587301587,0.7879120879120879,0.7730002345765892,64.0
weighted avg,0.8198784722222222,0.78125,0.7702688834154351,64.0
