,precision,recall,f1-score,support
Benign,0.999777348201583,0.9999627983687085,0.9998700646860874,1935399.0
Malicious,0.9997025358816093,0.9982219838699696,0.9989617112979434,242405.0
accuracy,0.9997690333932714,0.9997690333932714,0.9997690333932714,0.9997690333932714
macro avg,0.9997399420415962,0.999092391119339,0.9994158879920154,2177804.0
weighted avg,0.999769021060838,0.9997690333932714,0.9997689585245353,2177804.0
