,precision,recall,f1-score,support
Benign,0.8337078651685393,1.0,0.9093137254901961,742.0
Malicious,1.0,0.9601078167115903,0.9796479647964796,3710.0
accuracy,0.9667565139263252,0.9667565139263252,0.9667565139263252,0.9667565139263252
macro avg,0.9168539325842697,0.9800539083557951,0.9444808451433379,4452.0
weighted avg,0.9722846441947566,0.9667565139263252,0.9679255915787658,4452.0
