,precision,recall,f1-score,support
Benign,0.9999845432163743,0.999985732182766,0.9999851376992167,2523161.0
Malicious,0.9999304019673044,0.9999246025685392,0.9999275022595129,517259.0
accuracy,0.9999753323553983,0.9999753323553983,0.9999753323553983,0.9999753323553983
macro avg,0.9999574725918394,0.9999551673756526,0.9999563199793648,3040420.0
weighted avg,0.9999753323019767,0.9999753323553983,0.9999753323269637,3040420.0
