{"0": 0.5626239875397456, "1": 4.49208050814925}